[1,["8dGuUUjelNbJUEqx6Sm+ut"],["_effectAsset"],[["cc.EffectAsset",["_name","shaders","techniques"],0],["cc.Material",["_name","_props","_states","_defines"],-1]],[[0,0,1,2,4],[1,0,1,2,3,5]],[[[[0,"../sdk/res/mat/soft_box",[{"hash":1458563185,"name":"../sdk/res/mat/soft_box|softbox-vs:vert|softbox-fs:frag","blocks":[{"name":"Constants","stageFlags":17,"binding":0,"members":[{"name":"u_TilingOffset","type":16,"count":1},{"name":"u_RimColor","type":16,"count":1},{"name":"u_albedo_color","type":16,"count":1},{"name":"u_albedo_factor","type":13,"count":1},{"name":"u_direct_diffuse_intensity","type":13,"count":1},{"name":"u_indirect_diffuse_intensity","type":13,"count":1},{"name":"u_indirect_specular_light_intensity","type":13,"count":1},{"name":"u_detail_factor","type":13,"count":1},{"name":"u_specular_gloss","type":13,"count":1},{"name":"u_direct_specular_intensity","type":13,"count":1},{"name":"u_Metallic","type":13,"count":1},{"name":"u_RimPower","type":13,"count":1},{"name":"u_LUT_Factor","type":13,"count":1}],"defines":[]}],"samplerTextures":[{"name":"u_albedo_map","type":28,"count":1,"stageFlags":16,"binding":1,"defines":[]},{"name":"u_NormalMap","type":28,"count":1,"stageFlags":16,"binding":2,"defines":["NORMALMAP_ON"]},{"name":"u_indirect_diffuse_light_map","type":28,"count":1,"stageFlags":16,"binding":3,"defines":["INDIRECT_DIFFUSE_ON"]},{"name":"u_indirect_specular_light_map","type":28,"count":1,"stageFlags":16,"binding":4,"defines":["INDIRECT_SPECULAR_ON"]},{"name":"u_specular_mask_map","type":28,"count":1,"stageFlags":16,"binding":5,"defines":["SPECULARMASK_ON"]},{"name":"u_sss_light_map","type":28,"count":1,"stageFlags":16,"binding":6,"defines":["SSS_ON"]},{"name":"u_detail_map","type":28,"count":1,"stageFlags":16,"binding":7,"defines":["DETAILMAP_ON"]},{"name":"u_LUT_Map","type":28,"count":1,"stageFlags":16,"binding":8,"defines":["LUT_ON"]}],"samplers":[],"textures":[],"buffers":[],"images":[],"subpassInputs":[],"attributes":[{"name":"a_position","format":32,"location":0,"defines":[]},{"name":"a_normal","format":32,"location":1,"defines":[]},{"name":"a_texCoord","format":21,"location":2,"defines":[]},{"name":"a_tangent","format":44,"location":3,"defines":[]},{"name":"a_joints","location":4,"defines":["CC_USE_SKINNING"]},{"name":"a_weights","format":44,"location":5,"defines":["CC_USE_SKINNING"]},{"name":"a_jointAnimInfo","format":44,"isInstanced":true,"location":6,"defines":["USE_INSTANCING","CC_USE_BAKED_ANIMATION"]},{"name":"a_matWorld0","format":44,"isInstanced":true,"location":7,"defines":["USE_INSTANCING"]},{"name":"a_matWorld1","format":44,"isInstanced":true,"location":8,"defines":["USE_INSTANCING"]},{"name":"a_matWorld2","format":44,"isInstanced":true,"location":9,"defines":["USE_INSTANCING"]},{"name":"a_lightingMapUVParam","format":44,"isInstanced":true,"location":10,"defines":["USE_INSTANCING","CC_USE_LIGHTMAP"]},{"name":"a_localShadowBias","format":21,"isInstanced":true,"location":11,"defines":["USE_INSTANCING","CC_RECEIVE_SHADOW"]},{"name":"a_sh_linear_const_r","format":44,"isInstanced":true,"location":12,"defines":["USE_INSTANCING","CC_USE_LIGHT_PROBE"]},{"name":"a_sh_linear_const_g","format":44,"isInstanced":true,"location":13,"defines":["USE_INSTANCING","CC_USE_LIGHT_PROBE"]},{"name":"a_sh_linear_const_b","format":44,"isInstanced":true,"location":14,"defines":["USE_INSTANCING","CC_USE_LIGHT_PROBE"]},{"name":"a_vertexId","format":11,"location":15,"defines":["CC_USE_MORPH"]},{"name":"a_Color","format":44,"location":16,"defines":[]}],"fragColors":[{"name":"cc_FragColor","typename":"vec4","type":16,"count":1,"stageFlags":16,"location":0,"defines":[]}],"descriptors":[{"rate":0,"blocks":[{"name":"CCLocal","stageFlags":1,"tags":{"builtin":"local"},"members":[{"name":"cc_matWorld","typename":"mat4","type":25,"count":1,"precision":"highp "},{"name":"cc_matWorldIT","typename":"mat4","type":25,"count":1,"precision":"highp "},{"name":"cc_lightingMapUVParam","typename":"vec4","type":16,"count":1,"precision":"highp "},{"name":"cc_localShadowBias","typename":"vec4","type":16,"count":1,"precision":"highp "}],"defines":["!USE_INSTANCING"]},{"name":"CCMorph","stageFlags":1,"tags":{"builtin":"local"},"members":[{"name":"cc_displacementWeights","typename":"vec4","type":16,"count":15,"isArray":true},{"name":"cc_displacementTextureInfo","typename":"vec4","type":16,"count":1}],"defines":["CC_USE_MORPH"]},{"name":"CCSkinningTexture","stageFlags":1,"tags":{"builtin":"local"},"members":[{"name":"cc_jointTextureInfo","typename":"vec4","type":16,"count":1,"precision":"highp "}],"defines":["CC_USE_SKINNING","CC_USE_BAKED_ANIMATION"]},{"name":"CCSkinningAnimation","stageFlags":1,"tags":{"builtin":"local"},"members":[{"name":"cc_jointAnimInfo","typename":"vec4","type":16,"count":1,"precision":"highp "}],"defines":["CC_USE_SKINNING","CC_USE_BAKED_ANIMATION"]},{"name":"CCSkinning","stageFlags":1,"tags":{"builtin":"local"},"members":[{"name":"cc_joints","typename":"vec4","type":16,"count":0,"precision":"highp ","isArray":true}],"defines":["CC_USE_SKINNING","!CC_USE_BAKED_ANIMATION","!CC_USE_REAL_TIME_JOINT_TEXTURE"]}],"samplerTextures":[{"name":"cc_PositionDisplacements","typename":"sampler2D","type":28,"count":1,"stageFlags":1,"tags":{"builtin":"local"},"defines":["CC_USE_MORPH","CC_MORPH_TARGET_HAS_POSITION"]},{"name":"cc_NormalDisplacements","typename":"sampler2D","type":28,"count":1,"stageFlags":1,"tags":{"builtin":"local"},"defines":["CC_USE_MORPH","CC_MORPH_TARGET_HAS_NORMAL"]},{"name":"cc_TangentDisplacements","typename":"sampler2D","type":28,"count":1,"stageFlags":1,"tags":{"builtin":"local"},"defines":["CC_USE_MORPH","CC_MORPH_TARGET_HAS_TANGENT"]},{"name":"cc_jointTexture","typename":"sampler2D","type":28,"count":1,"precision":"highp ","stageFlags":1,"tags":{"builtin":"local"},"defines":["CC_USE_SKINNING","CC_USE_BAKED_ANIMATION"]},{"name":"cc_realtimeJoint","typename":"sampler2D","type":28,"count":1,"precision":"highp ","stageFlags":1,"tags":{"builtin":"local"},"defines":["CC_USE_SKINNING","!CC_USE_BAKED_ANIMATION","CC_USE_REAL_TIME_JOINT_TEXTURE"]},{"name":"cc_lightingMap","typename":"sampler2D","type":28,"count":1,"stageFlags":16,"tags":{"builtin":"local"},"defines":["CC_USE_LIGHTMAP","!CC_FORWARD_ADD"]}],"samplers":[],"textures":[],"buffers":[],"images":[],"subpassInputs":[]},{"rate":1,"blocks":[{"name":"Constants","stageFlags":17,"binding":0,"members":[{"name":"u_TilingOffset","type":16,"count":1},{"name":"u_RimColor","type":16,"count":1},{"name":"u_albedo_color","type":16,"count":1},{"name":"u_albedo_factor","type":13,"count":1},{"name":"u_direct_diffuse_intensity","type":13,"count":1},{"name":"u_indirect_diffuse_intensity","type":13,"count":1},{"name":"u_indirect_specular_light_intensity","type":13,"count":1},{"name":"u_detail_factor","type":13,"count":1},{"name":"u_specular_gloss","type":13,"count":1},{"name":"u_direct_specular_intensity","type":13,"count":1},{"name":"u_Metallic","type":13,"count":1},{"name":"u_RimPower","type":13,"count":1},{"name":"u_LUT_Factor","type":13,"count":1}],"defines":[]}],"samplerTextures":[{"name":"u_albedo_map","type":28,"count":1,"stageFlags":16,"binding":1,"defines":[]},{"name":"u_NormalMap","type":28,"count":1,"stageFlags":16,"binding":2,"defines":["NORMALMAP_ON"]},{"name":"u_indirect_diffuse_light_map","type":28,"count":1,"stageFlags":16,"binding":3,"defines":["INDIRECT_DIFFUSE_ON"]},{"name":"u_indirect_specular_light_map","type":28,"count":1,"stageFlags":16,"binding":4,"defines":["INDIRECT_SPECULAR_ON"]},{"name":"u_specular_mask_map","type":28,"count":1,"stageFlags":16,"binding":5,"defines":["SPECULARMASK_ON"]},{"name":"u_sss_light_map","type":28,"count":1,"stageFlags":16,"binding":6,"defines":["SSS_ON"]},{"name":"u_detail_map","type":28,"count":1,"stageFlags":16,"binding":7,"defines":["DETAILMAP_ON"]},{"name":"u_LUT_Map","type":28,"count":1,"stageFlags":16,"binding":8,"defines":["LUT_ON"]}],"samplers":[],"textures":[],"buffers":[],"images":[],"subpassInputs":[]},{"rate":2,"blocks":[],"samplerTextures":[],"samplers":[],"textures":[],"buffers":[],"images":[],"subpassInputs":[]},{"rate":3,"blocks":[{"name":"CCGlobal","stageFlags":17,"tags":{"builtin":"global"},"members":[{"name":"cc_time","typename":"vec4","type":16,"count":1,"precision":"highp "},{"name":"cc_screenSize","typename":"vec4","type":16,"count":1,"precision":"mediump "},{"name":"cc_nativeSize","typename":"vec4","type":16,"count":1,"precision":"mediump "},{"name":"cc_debug_view_mode","typename":"vec4","type":16,"count":1,"precision":"mediump "},{"name":"cc_debug_view_composite_pack_1","typename":"vec4","type":16,"count":1,"precision":"mediump "},{"name":"cc_debug_view_composite_pack_2","typename":"vec4","type":16,"count":1,"precision":"mediump "},{"name":"cc_debug_view_composite_pack_3","typename":"vec4","type":16,"count":1,"precision":"mediump "}],"defines":[]},{"name":"CCCamera","stageFlags":17,"tags":{"builtin":"global"},"members":[{"name":"cc_matView","typename":"mat4","type":25,"count":1,"precision":"highp "},{"name":"cc_matViewInv","typename":"mat4","type":25,"count":1,"precision":"highp "},{"name":"cc_matProj","typename":"mat4","type":25,"count":1,"precision":"highp "},{"name":"cc_matProjInv","typename":"mat4","type":25,"count":1,"precision":"highp "},{"name":"cc_matViewProj","typename":"mat4","type":25,"count":1,"precision":"highp "},{"name":"cc_matViewProjInv","typename":"mat4","type":25,"count":1,"precision":"highp "},{"name":"cc_cameraPos","typename":"vec4","type":16,"count":1,"precision":"highp "},{"name":"cc_surfaceTransform","typename":"vec4","type":16,"count":1,"precision":"mediump "},{"name":"cc_screenScale","typename":"vec4","type":16,"count":1,"precision":"mediump "},{"name":"cc_exposure","typename":"vec4","type":16,"count":1,"precision":"mediump "},{"name":"cc_mainLitDir","typename":"vec4","type":16,"count":1,"precision":"mediump "},{"name":"cc_mainLitColor","typename":"vec4","type":16,"count":1,"precision":"mediump "},{"name":"cc_ambientSky","typename":"vec4","type":16,"count":1,"precision":"mediump "},{"name":"cc_ambientGround","typename":"vec4","type":16,"count":1,"precision":"mediump "},{"name":"cc_fogColor","typename":"vec4","type":16,"count":1,"precision":"mediump "},{"name":"cc_fogBase","typename":"vec4","type":16,"count":1,"precision":"mediump "},{"name":"cc_fogAdd","typename":"vec4","type":16,"count":1,"precision":"mediump "},{"name":"cc_nearFar","typename":"vec4","type":16,"count":1,"precision":"mediump "},{"name":"cc_viewPort","typename":"vec4","type":16,"count":1,"precision":"mediump "}],"defines":[]},{"name":"CCShadow","stageFlags":17,"tags":{"builtin":"global"},"members":[{"name":"cc_matLightView","typename":"mat4","type":25,"count":1,"precision":"highp "},{"name":"cc_matLightViewProj","typename":"mat4","type":25,"count":1,"precision":"highp "},{"name":"cc_shadowInvProjDepthInfo","typename":"vec4","type":16,"count":1,"precision":"highp "},{"name":"cc_shadowProjDepthInfo","typename":"vec4","type":16,"count":1,"precision":"highp "},{"name":"cc_shadowProjInfo","typename":"vec4","type":16,"count":1,"precision":"highp "},{"name":"cc_shadowNFLSInfo","typename":"vec4","type":16,"count":1,"precision":"mediump "},{"name":"cc_shadowWHPBInfo","typename":"vec4","type":16,"count":1,"precision":"mediump "},{"name":"cc_shadowLPNNInfo","typename":"vec4","type":16,"count":1,"precision":"mediump "},{"name":"cc_shadowColor","typename":"vec4","type":16,"count":1,"precision":"lowp "},{"name":"cc_planarNDInfo","typename":"vec4","type":16,"count":1,"precision":"mediump "}],"defines":[]},{"name":"CCCSM","stageFlags":17,"tags":{"builtin":"global"},"members":[{"name":"cc_csmViewDir0","typename":"vec4","type":16,"count":4,"precision":"highp ","isArray":true},{"name":"cc_csmViewDir1","typename":"vec4","type":16,"count":4,"precision":"highp ","isArray":true},{"name":"cc_csmViewDir2","typename":"vec4","type":16,"count":4,"precision":"highp ","isArray":true},{"name":"cc_csmAtlas","typename":"vec4","type":16,"count":4,"precision":"highp ","isArray":true},{"name":"cc_matCSMViewProj","typename":"mat4","type":25,"count":4,"precision":"highp ","isArray":true},{"name":"cc_csmProjDepthInfo","typename":"vec4","type":16,"count":4,"precision":"highp ","isArray":true},{"name":"cc_csmProjInfo","typename":"vec4","type":16,"count":4,"precision":"highp ","isArray":true},{"name":"cc_csmSplitsInfo","typename":"vec4","type":16,"count":1,"precision":"highp "}],"defines":["CC_SUPPORT_CASCADED_SHADOW_MAP"]}],"samplerTextures":[{"name":"cc_shadowMap","typename":"sampler2D","type":28,"count":1,"precision":"highp ","stageFlags":17,"tags":{"builtin":"global"},"defines":["CC_RECEIVE_SHADOW"]},{"name":"cc_spotShadowMap","typename":"sampler2D","type":28,"count":1,"precision":"highp ","stageFlags":17,"tags":{"builtin":"global"},"defines":["CC_RECEIVE_SHADOW"]}],"samplers":[],"textures":[],"buffers":[],"images":[],"subpassInputs":[]}],"glsl1":{"vert":"\nprecision highp float;\n   uniform vec4 u_TilingOffset;\n#define QUATER_PI         0.78539816340\n#define HALF_PI           1.57079632679\n#define PI                3.14159265359\n#define PI2               6.28318530718\n#define PI4               12.5663706144\n#define INV_QUATER_PI     1.27323954474\n#define INV_HALF_PI       0.63661977237\n#define INV_PI            0.31830988618\n#define INV_PI2           0.15915494309\n#define INV_PI4           0.07957747155\n#define EPSILON           1e-6\n#define EPSILON_LOWP      1e-4\n#define LOG2              1.442695\n#define EXP_VALUE         2.71828183f\n#define FP_MAX            65504.0\n#define FP_SCALE          0.0009765625\n#define FP_SCALE_INV      1024.0\n#define GRAY_VECTOR       vec3(0.299, 0.587, 0.114)\n#define LIGHT_MAP_TYPE_DISABLED 0\n#define LIGHT_MAP_TYPE_ALL_IN_ONE 1\n#define LIGHT_MAP_TYPE_INDIRECT_OCCLUSION 2\n#define REFLECTION_PROBE_TYPE_NONE 0\n#define REFLECTION_PROBE_TYPE_CUBE 1\n#define REFLECTION_PROBE_TYPE_PLANAR 2\n#define LIGHT_TYPE_DIRECTIONAL 0.0\n#define LIGHT_TYPE_SPHERE 1.0\n#define LIGHT_TYPE_SPOT 2.0\n#define IS_DIRECTIONAL_LIGHT(light_type) (abs(float(light_type) - float(LIGHT_TYPE_DIRECTIONAL)) < EPSILON)\n#define IS_SPHERE_LIGHT(light_type) (abs(float(light_type) - float(LIGHT_TYPE_SPHERE)) < EPSILON)\n#define IS_SPOT_LIGHT(light_type) (abs(float(light_type) - float(LIGHT_TYPE_SPOT)) < EPSILON)\nstruct StandardVertInput {\n  highp vec4 position;\n  vec3 normal;\n  vec4 tangent;\n};\nattribute vec3 a_position;\nattribute vec3 a_normal;\nattribute vec2 a_texCoord;\nattribute vec4 a_tangent;\n#if CC_USE_SKINNING\n    attribute vec4 a_joints;\n  attribute vec4 a_weights;\n#endif\n#if USE_INSTANCING\n  #if CC_USE_BAKED_ANIMATION\n    attribute highp vec4 a_jointAnimInfo;\n  #endif\n  attribute vec4 a_matWorld0;\n  attribute vec4 a_matWorld1;\n  attribute vec4 a_matWorld2;\n  #if CC_USE_LIGHTMAP\n    attribute vec4 a_lightingMapUVParam;\n  #endif\n  #if CC_RECEIVE_SHADOW\n    attribute vec2 a_localShadowBias;\n  #endif\n  #if CC_USE_LIGHT_PROBE\n    attribute vec4 a_sh_linear_const_r;\n    attribute vec4 a_sh_linear_const_g;\n    attribute vec4 a_sh_linear_const_b;\n  #endif\n#endif\n#if CC_USE_MORPH\n    attribute float a_vertexId;\n    int getVertexId() {\n      return int(a_vertexId);\n    }\n#endif\nuniform highp mat4 cc_matViewProj;\n  uniform highp vec4 cc_cameraPos;\n  uniform mediump vec4 cc_fogBase;\n  uniform mediump vec4 cc_fogAdd;\n#if !USE_INSTANCING\n  uniform highp mat4 cc_matWorld;\n  uniform highp mat4 cc_matWorldIT;\n  uniform highp vec4 cc_lightingMapUVParam;\n  uniform highp vec4 cc_localShadowBias;\n#endif\nvoid CCGetWorldMatrixFull(out mat4 matWorld, out mat4 matWorldIT)\n{\n  #if USE_INSTANCING\n    matWorld = mat4(\n      vec4(a_matWorld0.xyz, 0.0),\n      vec4(a_matWorld1.xyz, 0.0),\n      vec4(a_matWorld2.xyz, 0.0),\n      vec4(a_matWorld0.w, a_matWorld1.w, a_matWorld2.w, 1.0)\n    );\n    matWorldIT = matWorld;\n  #else\n    matWorld = cc_matWorld;\n    matWorldIT = cc_matWorldIT;\n  #endif\n}\nmat4 matWorld;\nmat4 matWorldIT;\nvec4 TransformObjectToWorld(vec4 localPos)\n{\n    vec4 wsPos = matWorld * localPos;\n    return wsPos;\n}\nvec4 TransformWorldToHClip(vec4 wsPos)\n{\n    return cc_matViewProj* wsPos;\n}\nvec3 TransformObjectToWorldDir(vec3 localDir)\n{\n    vec3 wsDir = normalize((matWorld * vec4(localDir, 0.0)).xyz);\n    return wsDir;\n}\nvec3 TransformObjectToWorldNormal(vec3 localNormal)\n{\n    vec3 wsNormal = normalize((matWorldIT * vec4(localNormal, 0.0)).xyz);\n    return wsNormal;\n}\nhighp float decode32 (highp vec4 rgba) {\n  rgba = rgba * 255.0;\n  highp float Sign = 1.0 - (step(128.0, (rgba[3]) + 0.5)) * 2.0;\n  highp float Exponent = 2.0 * (mod(float(int((rgba[3]) + 0.5)), 128.0)) + (step(128.0, (rgba[2]) + 0.5)) - 127.0;\n  highp float Mantissa = (mod(float(int((rgba[2]) + 0.5)), 128.0)) * 65536.0 + rgba[1] * 256.0 + rgba[0] + 8388608.0;\n  return Sign * exp2(Exponent - 23.0) * Mantissa;\n}\n#if CC_USE_MORPH\n  uniform vec4 cc_displacementWeights[15];\n  uniform vec4 cc_displacementTextureInfo;\n  #if CC_MORPH_TARGET_HAS_POSITION\n    uniform sampler2D cc_PositionDisplacements;\n  #endif\n  #if CC_MORPH_TARGET_HAS_NORMAL\n    uniform sampler2D cc_NormalDisplacements;\n  #endif\n  #if CC_MORPH_TARGET_HAS_TANGENT\n    uniform sampler2D cc_TangentDisplacements;\n  #endif\n  vec2 getPixelLocation(vec2 textureResolution, int pixelIndex) {\n    float pixelIndexF = float(pixelIndex);\n    float x = mod(pixelIndexF, textureResolution.x);\n    float y = floor(pixelIndexF / textureResolution.x);\n    return vec2(x, y);\n  }\n  vec2 getPixelCoordFromLocation(vec2 location, vec2 textureResolution) {\n    return (vec2(location.x, location.y) + .5) / textureResolution;\n  }\n  #if CC_DEVICE_SUPPORT_FLOAT_TEXTURE\n      vec4 fetchVec3ArrayFromTexture(sampler2D tex, int elementIndex) {\n        int pixelIndex = elementIndex;\n        vec2 location = getPixelLocation(cc_displacementTextureInfo.xy, pixelIndex);\n        vec2 uv = getPixelCoordFromLocation(location, cc_displacementTextureInfo.xy);\n        return texture2D(tex, uv);\n      }\n  #else\n    vec4 fetchVec3ArrayFromTexture(sampler2D tex, int elementIndex) {\n      int pixelIndex = elementIndex * 4;\n      vec2 location = getPixelLocation(cc_displacementTextureInfo.xy, pixelIndex);\n      vec2 x = getPixelCoordFromLocation(location + vec2(0.0, 0.0), cc_displacementTextureInfo.xy);\n      vec2 y = getPixelCoordFromLocation(location + vec2(1.0, 0.0), cc_displacementTextureInfo.xy);\n      vec2 z = getPixelCoordFromLocation(location + vec2(2.0, 0.0), cc_displacementTextureInfo.xy);\n      return vec4(\n        decode32(texture2D(tex, x)),\n        decode32(texture2D(tex, y)),\n        decode32(texture2D(tex, z)),\n        1.0\n      );\n    }\n  #endif\n  float getDisplacementWeight(int index) {\n    int quot = index / 4;\n    int remainder = index - quot * 4;\n    if (remainder == 0) {\n      return cc_displacementWeights[quot].x;\n    } else if (remainder == 1) {\n      return cc_displacementWeights[quot].y;\n    } else if (remainder == 2) {\n      return cc_displacementWeights[quot].z;\n    } else {\n      return cc_displacementWeights[quot].w;\n    }\n  }\n  vec3 getVec3DisplacementFromTexture(sampler2D tex, int vertexIndex) {\n  #if CC_MORPH_PRECOMPUTED\n    return fetchVec3ArrayFromTexture(tex, vertexIndex).rgb;\n  #else\n    vec3 result = vec3(0, 0, 0);\n    int nVertices = int(cc_displacementTextureInfo.z);\n    for (int iTarget = 0; iTarget < CC_MORPH_TARGET_COUNT; ++iTarget) {\n      result += (fetchVec3ArrayFromTexture(tex, nVertices * iTarget + vertexIndex).rgb * getDisplacementWeight(iTarget));\n    }\n    return result;\n  #endif\n  }\n  #if CC_MORPH_TARGET_HAS_POSITION\n  vec3 getPositionDisplacement(int vertexId) {\n      return getVec3DisplacementFromTexture(cc_PositionDisplacements, vertexId);\n  }\n  #endif\n  #if CC_MORPH_TARGET_HAS_NORMAL\n  vec3 getNormalDisplacement(int vertexId) {\n      return getVec3DisplacementFromTexture(cc_NormalDisplacements, vertexId);\n  }\n  #endif\n  #if CC_MORPH_TARGET_HAS_TANGENT\n  vec3 getTangentDisplacement(int vertexId) {\n      return getVec3DisplacementFromTexture(cc_TangentDisplacements, vertexId);\n  }\n  #endif\n  void applyMorph (inout vec4 position, inout vec3 normal, inout vec4 tangent) {\n    int vertexId = getVertexId();\n  #if CC_MORPH_TARGET_HAS_POSITION\n    position.xyz = position.xyz + getPositionDisplacement(vertexId);\n  #endif\n  #if CC_MORPH_TARGET_HAS_NORMAL\n    normal.xyz = normal.xyz + getNormalDisplacement(vertexId);\n  #endif\n  #if CC_MORPH_TARGET_HAS_TANGENT\n    tangent.xyz = tangent.xyz + getTangentDisplacement(vertexId);\n  #endif\n  }\n  void applyMorph (inout vec4 position) {\n  #if CC_MORPH_TARGET_HAS_POSITION\n    position.xyz = position.xyz + getPositionDisplacement(getVertexId());\n  #endif\n  }\n#endif\n#if CC_USE_SKINNING\n  #if CC_USE_BAKED_ANIMATION\n    uniform highp vec4 cc_jointTextureInfo;\n    uniform highp vec4 cc_jointAnimInfo;\n    uniform highp sampler2D cc_jointTexture;\n    void CCGetJointTextureCoords(float pixelsPerJoint, float jointIdx, out highp float x, out highp float y, out highp float invSize)\n    {\n      #if USE_INSTANCING\n        highp float temp = pixelsPerJoint * (a_jointAnimInfo.x * a_jointAnimInfo.y + jointIdx) + a_jointAnimInfo.z;\n      #else\n        highp float temp = pixelsPerJoint * (cc_jointAnimInfo.x * cc_jointTextureInfo.y + jointIdx) + cc_jointTextureInfo.z;\n      #endif\n      invSize = cc_jointTextureInfo.w;\n      highp float tempY = floor(temp * invSize);\n      x = floor(temp - tempY * cc_jointTextureInfo.x);\n      y = (tempY + 0.5) * invSize;\n    }\n  #else\n    #if CC_USE_REAL_TIME_JOINT_TEXTURE\n      uniform highp sampler2D cc_realtimeJoint;\n    #else\n      uniform highp vec4 cc_joints[CC_JOINT_UNIFORM_CAPACITY * 3];\n    #endif\n  #endif\n  #if CC_USE_BAKED_ANIMATION\n    #if CC_DEVICE_SUPPORT_FLOAT_TEXTURE\n      mat4 getJointMatrix (float i) {\n        highp float x, y, invSize;\n        CCGetJointTextureCoords(3.0, i, x, y, invSize);\n        vec4 v1 = texture2D(cc_jointTexture, vec2((x + 0.5) * invSize, y));\n        vec4 v2 = texture2D(cc_jointTexture, vec2((x + 1.5) * invSize, y));\n        vec4 v3 = texture2D(cc_jointTexture, vec2((x + 2.5) * invSize, y));\n        return mat4(vec4(v1.xyz, 0.0), vec4(v2.xyz, 0.0), vec4(v3.xyz, 0.0), vec4(v1.w, v2.w, v3.w, 1.0));\n      }\n    #else\n      mat4 getJointMatrix (float i) {\n        highp float x, y, invSize;\n        CCGetJointTextureCoords(12.0, i, x, y, invSize);\n        vec4 v1 = vec4(\n          decode32(texture2D(cc_jointTexture, vec2((x + 0.5) * invSize, y))),\n          decode32(texture2D(cc_jointTexture, vec2((x + 1.5) * invSize, y))),\n          decode32(texture2D(cc_jointTexture, vec2((x + 2.5) * invSize, y))),\n          decode32(texture2D(cc_jointTexture, vec2((x + 3.5) * invSize, y)))\n        );\n        vec4 v2 = vec4(\n          decode32(texture2D(cc_jointTexture, vec2((x + 4.5) * invSize, y))),\n          decode32(texture2D(cc_jointTexture, vec2((x + 5.5) * invSize, y))),\n          decode32(texture2D(cc_jointTexture, vec2((x + 6.5) * invSize, y))),\n          decode32(texture2D(cc_jointTexture, vec2((x + 7.5) * invSize, y)))\n        );\n        vec4 v3 = vec4(\n          decode32(texture2D(cc_jointTexture, vec2((x + 8.5) * invSize, y))),\n          decode32(texture2D(cc_jointTexture, vec2((x + 9.5) * invSize, y))),\n          decode32(texture2D(cc_jointTexture, vec2((x + 10.5) * invSize, y))),\n          decode32(texture2D(cc_jointTexture, vec2((x + 11.5) * invSize, y)))\n        );\n        return mat4(vec4(v1.xyz, 0.0), vec4(v2.xyz, 0.0), vec4(v3.xyz, 0.0), vec4(v1.w, v2.w, v3.w, 1.0));\n      }\n    #endif\n  #else\n    #if CC_USE_REAL_TIME_JOINT_TEXTURE\n      #if CC_DEVICE_SUPPORT_FLOAT_TEXTURE\n        mat4 getJointMatrix (float i) {\n          float x = i;\n          vec4 v1 = texture2D(cc_realtimeJoint, vec2( x / 256.0, 0.5 / 3.0));\n          vec4 v2 = texture2D(cc_realtimeJoint, vec2( x / 256.0, 1.5 / 3.0));\n          vec4 v3 = texture2D(cc_realtimeJoint, vec2( x / 256.0, 2.5 / 3.0));\n          return mat4(vec4(v1.xyz, 0.0), vec4(v2.xyz, 0.0), vec4(v3.xyz, 0.0), vec4(v1.w, v2.w, v3.w, 1.0));\n        }\n      #else\n        mat4 getJointMatrix (float i) {\n         float x = 4.0 * i;\n          vec4 v1 = vec4(\n            decode32(texture2D(cc_realtimeJoint, vec2((x + 0.5)/ 1024.0, 0.5 / 3.0))),\n            decode32(texture2D(cc_realtimeJoint, vec2((x + 1.5)/ 1024.0, 0.5 / 3.0))),\n            decode32(texture2D(cc_realtimeJoint, vec2((x + 2.5)/ 1024.0, 0.5 / 3.0))),\n            decode32(texture2D(cc_realtimeJoint, vec2((x + 3.5)/ 1024.0, 0.5 / 3.0)))\n          );\n          vec4 v2 = vec4(\n            decode32(texture2D(cc_realtimeJoint, vec2((x + 0.5)/ 1024.0, 1.5 / 3.0))),\n            decode32(texture2D(cc_realtimeJoint, vec2((x + 1.5)/ 1024.0, 1.5 / 3.0))),\n            decode32(texture2D(cc_realtimeJoint, vec2((x + 2.5)/ 1024.0, 1.5 / 3.0))),\n            decode32(texture2D(cc_realtimeJoint, vec2((x + 3.5)/ 1024.0, 1.5 / 3.0)))\n          );\n          vec4 v3 = vec4(\n            decode32(texture2D(cc_realtimeJoint, vec2((x + 0.5)/ 1024.0, 2.5 / 3.0))),\n            decode32(texture2D(cc_realtimeJoint, vec2((x + 1.5)/ 1024.0, 2.5 / 3.0))),\n            decode32(texture2D(cc_realtimeJoint, vec2((x + 2.5)/ 1024.0, 2.5 / 3.0))),\n            decode32(texture2D(cc_realtimeJoint, vec2((x + 3.5)/ 1024.0, 2.5 / 3.0)))\n          );\n          return mat4(vec4(v1.xyz, 0.0), vec4(v2.xyz, 0.0), vec4(v3.xyz, 0.0), vec4(v1.w, v2.w, v3.w, 1.0));\n        }\n      #endif\n    #else\n      mat4 getJointMatrix (float i) {\n        int idx = int(i);\n        vec4 v1 = cc_joints[idx * 3];\n        vec4 v2 = cc_joints[idx * 3 + 1];\n        vec4 v3 = cc_joints[idx * 3 + 2];\n        return mat4(vec4(v1.xyz, 0.0), vec4(v2.xyz, 0.0), vec4(v3.xyz, 0.0), vec4(v1.w, v2.w, v3.w, 1.0));\n      }\n    #endif\n  #endif\n  mat4 skinMatrix () {\n    vec4 joints = vec4(a_joints);\n    return getJointMatrix(joints.x) * a_weights.x\n         + getJointMatrix(joints.y) * a_weights.y\n         + getJointMatrix(joints.z) * a_weights.z\n         + getJointMatrix(joints.w) * a_weights.w;\n  }\n  void CCSkin (inout vec4 position) {\n    mat4 m = skinMatrix();\n    position = m * position;\n  }\n  void CCSkin (inout vec4 position, inout vec3 normal, inout vec4 tangent) {\n    mat4 m = skinMatrix();\n    position = m * position;\n    normal = (m * vec4(normal, 0.0)).xyz;\n    tangent.xyz = (m * vec4(tangent.xyz, 0.0)).xyz;\n  }\n#endif\nvoid CCVertInput(inout StandardVertInput In)\n{\n    In.position = vec4(a_position, 1.0);\n    In.normal = a_normal;\n    In.tangent = a_tangent;\n  #if CC_USE_MORPH\n    applyMorph(In.position, In.normal, In.tangent);\n  #endif\n  #if CC_USE_SKINNING\n    CCSkin(In.position, In.normal, In.tangent);\n  #endif\n}\n#if CC_USE_FOG != 4\n  float LinearFog(vec4 pos, vec3 cameraPos, float fogStart, float fogEnd) {\n      vec4 wPos = pos;\n      float cam_dis = distance(cameraPos, wPos.xyz);\n      return clamp((fogEnd - cam_dis) / (fogEnd - fogStart), 0., 1.);\n  }\n  float ExpFog(vec4 pos, vec3 cameraPos, float fogStart, float fogDensity, float fogAtten) {\n      vec4 wPos = pos;\n      float cam_dis = max(distance(cameraPos, wPos.xyz) - fogStart, 0.0) / fogAtten * 4.;\n      float f = exp(-cam_dis * fogDensity);\n      return f;\n  }\n  float ExpSquaredFog(vec4 pos, vec3 cameraPos, float fogStart, float fogDensity, float fogAtten) {\n      vec4 wPos = pos;\n      float cam_dis = max(distance(cameraPos, wPos.xyz) - fogStart, 0.0) / fogAtten * 4.;\n      float f = exp(-cam_dis * cam_dis * fogDensity * fogDensity);\n      return f;\n  }\n  float LayeredFog(vec4 pos, vec3 cameraPos, float fogTop, float fogRange, float fogAtten) {\n      vec4 wPos = pos;\n      vec3 camWorldProj = cameraPos.xyz;\n      camWorldProj.y = 0.;\n      vec3 worldPosProj = wPos.xyz;\n      worldPosProj.y = 0.;\n      float fDeltaD = distance(worldPosProj, camWorldProj) / fogAtten * 2.0;\n      float fDeltaY, fDensityIntegral;\n      if (cameraPos.y > fogTop) {\n          if (wPos.y < fogTop) {\n              fDeltaY = (fogTop - wPos.y) / fogRange * 2.0;\n              fDensityIntegral = fDeltaY * fDeltaY * 0.5;\n          }\n          else {\n              fDeltaY = 0.;\n              fDensityIntegral = 0.;\n          }\n      }\n      else {\n          if (wPos.y < fogTop) {\n              float fDeltaA = (fogTop - cameraPos.y) / fogRange * 2.;\n              float fDeltaB = (fogTop - wPos.y) / fogRange * 2.;\n              fDeltaY = abs(fDeltaA - fDeltaB);\n              fDensityIntegral = abs((fDeltaA * fDeltaA * 0.5) - (fDeltaB * fDeltaB * 0.5));\n          }\n          else {\n              fDeltaY = abs(fogTop - cameraPos.y) / fogRange * 2.;\n              fDensityIntegral = abs(fDeltaY * fDeltaY * 0.5);\n          }\n      }\n      float fDensity;\n      if (fDeltaY != 0.) {\n          fDensity = (sqrt(1.0 + ((fDeltaD / fDeltaY) * (fDeltaD / fDeltaY)))) * fDensityIntegral;\n      }\n      else {\n          fDensity = 0.;\n      }\n      float f = exp(-fDensity);\n      return f;\n  }\n#endif\nvoid CC_TRANSFER_FOG_BASE(vec4 pos, out float factor)\n{\n#if CC_USE_FOG == 0\n\tfactor = LinearFog(pos, cc_cameraPos.xyz, cc_fogBase.x, cc_fogBase.y);\n#elif CC_USE_FOG == 1\n\tfactor = ExpFog(pos, cc_cameraPos.xyz, cc_fogBase.x, cc_fogBase.z, cc_fogAdd.z);\n#elif CC_USE_FOG == 2\n\tfactor = ExpSquaredFog(pos, cc_cameraPos.xyz, cc_fogBase.x, cc_fogBase.z, cc_fogAdd.z);\n#elif CC_USE_FOG == 3\n\tfactor = LayeredFog(pos, cc_cameraPos.xyz, cc_fogAdd.x, cc_fogAdd.y, cc_fogAdd.z);\n#else\n\tfactor = 1.0;\n#endif\n}\n#if !CC_USE_ACCURATE_FOG\nvarying mediump float v_fog_factor;\n#endif\nvoid CC_TRANSFER_FOG(vec4 pos) {\n#if !CC_USE_ACCURATE_FOG\n    CC_TRANSFER_FOG_BASE(pos, v_fog_factor);\n#endif\n}\nvarying highp vec4 v_shadowPos;\nuniform highp mat4 cc_matLightViewProj;\n  uniform mediump vec4 cc_shadowWHPBInfo;\n  uniform mediump vec4 cc_shadowLPNNInfo;\n#if CC_SUPPORT_CASCADED_SHADOW_MAP\n  #endif\n#if CC_RECEIVE_SHADOW\n  uniform highp sampler2D cc_shadowMap;\n  uniform highp sampler2D cc_spotShadowMap;\n  #if CC_SUPPORT_CASCADED_SHADOW_MAP\n  #else\n  #endif\n#endif\n#if CC_RECEIVE_SHADOW\nvec2 CCGetShadowBias()\n{\n  #if USE_INSTANCING\n    return vec2(a_localShadowBias.x + cc_shadowWHPBInfo.w, a_localShadowBias.y + cc_shadowLPNNInfo.z);\n  #else\n    return vec2(cc_localShadowBias.x + cc_shadowWHPBInfo.w, cc_localShadowBias.y + cc_shadowLPNNInfo.z);\n  #endif\n}\n#endif\n#if CC_USE_LIGHTMAP && !CC_FORWARD_ADD\n    varying vec3 v_luv;\n    void CCLightingMapCaclUV()\n    {\n    #if !USE_INSTANCING\n      v_luv.xy = cc_lightingMapUVParam.xy + a_texCoord1 * cc_lightingMapUVParam.z;\n      v_luv.z = cc_lightingMapUVParam.w;\n    #else\n      v_luv.xy = a_lightingMapUVParam.xy + a_texCoord1 * a_lightingMapUVParam.z;\n      v_luv.z = a_lightingMapUVParam.w;\n    #endif\n    }\n#endif\nattribute vec4 a_Color;\nvarying lowp vec4 v_Color;\nvarying vec2 v_Texcoord0;\nvarying mediump vec3 v_worldPos;\nvarying mediump vec3 v_viewDir;\nvarying mediump vec4 v_Tangent;\nvarying mediump vec4 v_Normal;\nvarying mediump vec4 v_Binormal;\n#if CC_RECEIVE_SHADOW\n    varying mediump vec2 v_shadowBias;\n#endif\nvec4 softboxLitVert()\n{\n    StandardVertInput In; CCVertInput(In); CCGetWorldMatrixFull(matWorld, matWorldIT);\n    vec4 wsPos=TransformObjectToWorld(In.position);\n    v_worldPos = wsPos.xyz;\n    v_Normal.xyz=TransformObjectToWorldNormal(In.normal);\n    v_Tangent.xyz=TransformObjectToWorldDir(In.tangent.xyz);\n    v_Binormal.xyz=cross(v_Normal.xyz,v_Tangent.xyz)*In.tangent.w;\n    v_Texcoord0 = a_texCoord * u_TilingOffset.xy + u_TilingOffset.zw;\n    v_viewDir = cc_cameraPos.xyz - v_worldPos;\n    #if COLOR && ENABLEVERTEXCOLOR\n        v_Color = a_Color;\n    #endif\n    #if CC_RECEIVE_SHADOW\n      v_shadowBias = CCGetShadowBias();\n    #endif\n    #if SAMPLE_FROM_RT\n      v_Texcoord0 = cc_cameraPos.w > 1.0 ? vec2(v_Texcoord0.x, 1.0 - v_Texcoord0.y) : v_Texcoord0;\n    #endif\n    CC_TRANSFER_FOG(wsPos);\n    v_shadowPos = cc_matLightViewProj * wsPos;\n    #if CC_USE_LIGHTMAP && !CC_FORWARD_ADD\n      CCLightingMapCaclUV();\n    #endif\n    return TransformWorldToHClip(wsPos);\n}\nvec4 vert ()\n{\n  return softboxLitVert();\n}\nvoid main() { gl_Position = vert(); }","frag":"\n  precision highp float;\n         uniform vec4 u_RimColor;\n       uniform vec4 u_albedo_color;\n       uniform float u_albedo_factor;\n       uniform float u_indirect_diffuse_intensity;\n       uniform float u_indirect_specular_light_intensity;\n       uniform float u_detail_factor;\n       uniform float u_specular_gloss;\n       uniform float u_direct_specular_intensity;\n       uniform float u_Metallic;\n       uniform float u_RimPower;\n       uniform float u_LUT_Factor;\n  uniform highp mat4 cc_matView;\n  uniform mediump vec4 cc_mainLitDir;\n  #if CC_SUPPORT_CASCADED_SHADOW_MAP\n    #endif\n  #define QUATER_PI         0.78539816340\n  #define HALF_PI           1.57079632679\n  #define PI                3.14159265359\n  #define PI2               6.28318530718\n  #define PI4               12.5663706144\n  #define INV_QUATER_PI     1.27323954474\n  #define INV_HALF_PI       0.63661977237\n  #define INV_PI            0.31830988618\n  #define INV_PI2           0.15915494309\n  #define INV_PI4           0.07957747155\n  #define EPSILON           1e-6\n  #define EPSILON_LOWP      1e-4\n  #define LOG2              1.442695\n  #define EXP_VALUE         2.71828183f\n  #define FP_MAX            65504.0\n  #define FP_SCALE          0.0009765625\n  #define FP_SCALE_INV      1024.0\n  #define GRAY_VECTOR       vec3(0.299, 0.587, 0.114)\n      #define LIGHT_MAP_TYPE_DISABLED 0\n  #define LIGHT_MAP_TYPE_ALL_IN_ONE 1\n  #define LIGHT_MAP_TYPE_INDIRECT_OCCLUSION 2\n  #define REFLECTION_PROBE_TYPE_NONE 0\n  #define REFLECTION_PROBE_TYPE_CUBE 1\n  #define REFLECTION_PROBE_TYPE_PLANAR 2\n  #define LIGHT_TYPE_DIRECTIONAL 0.0\n  #define LIGHT_TYPE_SPHERE 1.0\n  #define LIGHT_TYPE_SPOT 2.0\n  #define IS_DIRECTIONAL_LIGHT(light_type) (abs(float(light_type) - float(LIGHT_TYPE_DIRECTIONAL)) < EPSILON)\n  #define IS_SPHERE_LIGHT(light_type) (abs(float(light_type) - float(LIGHT_TYPE_SPHERE)) < EPSILON)\n  #define IS_SPOT_LIGHT(light_type) (abs(float(light_type) - float(LIGHT_TYPE_SPOT)) < EPSILON)\n  #if CC_RECEIVE_SHADOW\n    uniform highp sampler2D cc_shadowMap;\n    uniform highp sampler2D cc_spotShadowMap;\n    #if CC_SUPPORT_CASCADED_SHADOW_MAP\n    #else\n    #endif\n  #endif\n  varying highp vec4 v_shadowPos;\n    #if CC_RECEIVE_SHADOW && CC_SHADOW_TYPE == 2\n  #endif\n  #if CC_USE_FOG != 4\n  #endif\n  #if !CC_USE_ACCURATE_FOG\n  varying mediump float v_fog_factor;\n  #endif\n  #if CC_USE_LIGHTMAP && !CC_FORWARD_ADD\n      varying vec3 v_luv;\n      uniform sampler2D cc_lightingMap;\n  #endif\n  varying lowp vec4 v_Color;\n  varying vec2 v_Texcoord0;\n  varying vec3 v_worldPos;\n  varying mediump vec3 v_viewDir;\n  varying mediump vec4 v_Normal;\n  varying mediump vec4 v_Tangent;\n  varying mediump vec4 v_Binormal;\nuniform sampler2D u_albedo_map;\n#if NORMALMAP_ON\n    uniform sampler2D u_NormalMap;\n#endif\n#if INDIRECT_DIFFUSE_ON\nuniform sampler2D u_indirect_diffuse_light_map;\n#endif\n#if INDIRECT_SPECULAR_ON\nuniform sampler2D u_indirect_specular_light_map;\n#endif\n#if SPECULARMASK_ON\nuniform sampler2D u_specular_mask_map;\n#endif\n#if SSS_ON\nuniform sampler2D u_sss_light_map;\n#endif\n#if DETAILMAP_ON\nuniform sampler2D u_detail_map;\n#endif\n#if LUT_ON\nuniform sampler2D u_LUT_Map;\n#endif\nvec3 UnitySafeNormalize(vec3 inVec)\n{\n    return inVec * inversesqrt(max(0.001, dot(inVec, inVec)));\n}\nvec3 MatCap(sampler2D inTex,vec3 inNormal, float inParam)\n{\n  return texture2D(inTex, (cc_matView * vec4(inNormal, 0.0)*0.5+0.5).xy).rgb * inParam;\n}\nfloat Remap(float inf, float minOld, float maxOld, float minNew, float maxNew)\n{\n  return minNew + (inf - minOld) * (maxNew - minNew) / (maxOld - minOld);\n}\nfloat fracNumber (float inNum)\n{\n    return inNum - floor(inNum);\n}\nvec3 ColorLUT(sampler2D lut, vec3 color)\n{\n    vec3 coord = vec3(max(0.0, min(color.x, 1.0)), max(0.0, min(color.y, 1.0)), max(0.0, min(color.z, 1.0)))*vec4( 0.05859375, 0.9375, 15.0, 0.0 ).xyz + vec4( 0.001953125, 0.03125, 0.0, 0.0 ).xyz;\n    vec3 coord_frac = vec3(fracNumber(coord.x), fracNumber(coord.y), fracNumber(coord.z));\n    vec3 coord_floor = coord - coord_frac;\n    vec2 coord_bot = coord.xy + coord_floor.zz * vec2( 0.0625, 0.0 );\n    vec2 coord_top = coord_bot + vec2( 0.0625, 0.0 );\n    vec3 lutcol_bot = vec3(0.0, 0.0, 0.0);\n    vec3 lutcol_top = vec3(0.0, 0.0, 0.0);\n    float f = 0.0;\n    for (int i = 0; i <= 31; ++i) {\n        if (coord_floor.z == f) {\n            lutcol_bot = texture2D(lut, vec2(coord_bot.x, 1.0 - coord_bot.y)).rgb;\n            break;\n        }\n        f += 1.0;\n    }\n    f = 0.0;\n    for (int i = 0; i <= 31; ++i) {\n        if (coord_floor.z == f) {\n          lutcol_top = texture2D(lut, vec2(coord_top.x, 1.0 - coord_top.y)).rgb;\n          break;\n        }\n        f += 1.0;\n    }\n    return mix( lutcol_bot, lutcol_top, coord_frac.z );\n}\nvec3 NormalSampleToWorldSpace(vec3 normalMapSample, vec3 unitNormal, vec3 tangent, vec3 binormal)\n  {\n    vec3 normalT = vec3(2.0*normalMapSample.x - 1.0, 1.0-2.0*normalMapSample.y, 2.0*normalMapSample.z - 1.0);\n    vec3 N = normalize(unitNormal);\n    vec3 T = normalize(tangent);\n    vec3 B = normalize(binormal);\n    mat3 TBN = mat3(T, B, N);\n    vec3 bumpedNormal = TBN*normalT;\n    return bumpedNormal;\n  }\n  vec4 frag ()\n  {\n  vec3 worldViewDir = UnitySafeNormalize(v_viewDir.xyz);\n  vec3 worldNormal = UnitySafeNormalize(v_Normal.xyz);\n  #if NORMALMAP_ON\n    worldNormal = UnitySafeNormalize(NormalSampleToWorldSpace(texture2D(u_NormalMap, v_Texcoord0).rgb,v_Normal.xyz,v_Tangent.xyz,v_Binormal.xyz));\n    #endif\n  vec4 colorSpaceDielectricSpec = vec4(0.22,0.22,0.22,0.78);\n  vec4 albedo = texture2D(u_albedo_map, v_Texcoord0).rgba;\n  #if ALBEDO_COLOR_ON\n    albedo.rgb = mix(albedo.rgb,u_albedo_color.xyz,u_albedo_factor);\n  #endif\n  float specularmask = 1.0;\n  #if SPECULARMASK_ON\n    specularmask = texture2D(u_specular_mask_map, v_Texcoord0).r;\n  #endif\n  vec3 light4_Direction = UnitySafeNormalize(vec3(-0.4,0.72,0.57));\n  vec3 light4_Color = vec3(0.18,0.17,0.17);\n  #if DETAILMAP_ON\n    albedo.rgb = mix(albedo.rgb,albedo.rgb * texture2D(u_detail_map,v_Texcoord0).rgb,u_detail_factor);\n  #endif\n  vec3 light4Factor =vec3(clamp(dot(worldNormal,light4_Direction),0.0,1.0));\n  #if SSS_ON\n    light4Factor = texture2D(u_sss_light_map,vec2(Remap(dot(worldNormal,light4_Direction),-1.0,1.0,0.01,0.99) , Remap(dot(worldNormal,worldViewDir),-1.0,1.0,0.01,0.99))).rgb;\n  #endif\n  vec3 indirectDiffuse = vec3(0.0);\n  #if INDIRECT_DIFFUSE_ON\n    indirectDiffuse = MatCap(u_indirect_diffuse_light_map,worldNormal,u_indirect_diffuse_intensity*0.97);\n  #endif\n  vec3 indirectSpecular = vec3(0.0);\n  #if INDIRECT_SPECULAR_ON\n    float grazingTerm =  clamp(u_specular_gloss + (1.0 - colorSpaceDielectricSpec.w * (1.0-u_Metallic)), 0.0, 1.0);\n    indirectSpecular = mix(mix(colorSpaceDielectricSpec.xyz, albedo.rgb, u_Metallic), vec3(grazingTerm, grazingTerm, grazingTerm), pow( ( 1.0 - abs(dot(worldNormal, worldViewDir)) ) , 5.0 )) * (1.0 / (pow(pow((1.0-u_specular_gloss), 2.0),2.0) + 1.0 )) * MatCap(u_indirect_specular_light_map, worldNormal, u_indirect_specular_light_intensity);\n  #endif\n  vec3 lightingData =  albedo.rgb*(indirectDiffuse + light4_Color*light4Factor) + (pow(clamp(dot(UnitySafeNormalize(-cc_mainLitDir.xyz + worldViewDir), worldNormal),0.0,1.0),exp2(Remap(u_specular_gloss, 0.0, 1.0, 0.0, 11.0))) * u_direct_specular_intensity * vec3(1.0,0.97,0.96) + indirectSpecular)*specularmask;\n  #if LUT_ON\n      lightingData = mix(lightingData, ColorLUT(u_LUT_Map, lightingData), u_LUT_Factor);\n    #endif\n  vec3 rimColor = vec3(0.0);\n  #if RIMLIGHT_ON\n    rimColor = (pow((1.0 - clamp(dot(worldNormal, worldViewDir), 0.0, 1.0)), u_RimPower) * u_RimColor.xyz) * (clamp(dot(worldNormal, light4_Direction),0.0,1.0) * light4_Color);\n  #endif\n    vec4 finalCol = vec4(0.0);\n    finalCol.rgb = lightingData + rimColor;\n  #if _ALPHA_ALBEDO\n      finalCol.a = albedo.a;\n  #else\n    finalCol.a = 1.0;\n  #endif\n    return finalCol;\n  }\nvoid main() { gl_FragColor = frag(); }"},"builtins":{"globals":{"blocks":[{"name":"CCGlobal","defines":[]},{"name":"CCCamera","defines":[]},{"name":"CCShadow","defines":[]},{"name":"CCCSM","defines":["CC_SUPPORT_CASCADED_SHADOW_MAP"]}],"samplerTextures":[{"name":"cc_shadowMap","defines":["CC_RECEIVE_SHADOW"]},{"name":"cc_spotShadowMap","defines":["CC_RECEIVE_SHADOW"]}],"buffers":[],"images":[]},"locals":{"blocks":[{"name":"CCLocal","defines":["!USE_INSTANCING"]},{"name":"CCMorph","defines":["CC_USE_MORPH"]},{"name":"CCSkinningTexture","defines":["CC_USE_SKINNING","CC_USE_BAKED_ANIMATION"]},{"name":"CCSkinningAnimation","defines":["CC_USE_SKINNING","CC_USE_BAKED_ANIMATION"]},{"name":"CCSkinning","defines":["CC_USE_SKINNING","!CC_USE_BAKED_ANIMATION","!CC_USE_REAL_TIME_JOINT_TEXTURE"]}],"samplerTextures":[{"name":"cc_PositionDisplacements","defines":["CC_USE_MORPH","CC_MORPH_TARGET_HAS_POSITION"]},{"name":"cc_NormalDisplacements","defines":["CC_USE_MORPH","CC_MORPH_TARGET_HAS_NORMAL"]},{"name":"cc_TangentDisplacements","defines":["CC_USE_MORPH","CC_MORPH_TARGET_HAS_TANGENT"]},{"name":"cc_jointTexture","defines":["CC_USE_SKINNING","CC_USE_BAKED_ANIMATION"]},{"name":"cc_realtimeJoint","defines":["CC_USE_SKINNING","!CC_USE_BAKED_ANIMATION","CC_USE_REAL_TIME_JOINT_TEXTURE"]},{"name":"cc_lightingMap","defines":["CC_USE_LIGHTMAP","!CC_FORWARD_ADD"]}],"buffers":[],"images":[]},"statistics":{"CC_EFFECT_USED_VERTEX_UNIFORM_VECTORS":142,"CC_EFFECT_USED_FRAGMENT_UNIFORM_VECTORS":114}},"defines":[{"name":"USE_INSTANCING","type":"boolean"},{"name":"CC_USE_SKINNING","type":"boolean"},{"name":"CC_USE_BAKED_ANIMATION","type":"boolean"},{"name":"CC_USE_LIGHTMAP","type":"boolean"},{"name":"CC_RECEIVE_SHADOW","type":"boolean"},{"name":"CC_USE_LIGHT_PROBE","type":"boolean"},{"name":"CC_USE_MORPH","type":"boolean"},{"name":"CC_MORPH_TARGET_COUNT","type":"number","range":[2,8]},{"name":"CC_MORPH_TARGET_HAS_POSITION","type":"boolean"},{"name":"CC_MORPH_TARGET_HAS_NORMAL","type":"boolean"},{"name":"CC_MORPH_TARGET_HAS_TANGENT","type":"boolean"},{"name":"CC_MORPH_PRECOMPUTED","type":"boolean"},{"name":"CC_USE_REAL_TIME_JOINT_TEXTURE","type":"boolean"},{"name":"CC_USE_FOG","type":"number","range":[0,4]},{"name":"CC_USE_ACCURATE_FOG","type":"boolean"},{"name":"CC_SUPPORT_CASCADED_SHADOW_MAP","type":"boolean"},{"name":"CC_FORWARD_ADD","type":"boolean"},{"name":"COLOR","type":"boolean"},{"name":"ENABLEVERTEXCOLOR","type":"boolean"},{"name":"SAMPLE_FROM_RT","type":"boolean"},{"name":"CC_SHADOW_TYPE","type":"number","range":[0,3]},{"name":"NORMALMAP_ON","type":"boolean"},{"name":"INDIRECT_DIFFUSE_ON","type":"boolean"},{"name":"INDIRECT_SPECULAR_ON","type":"boolean"},{"name":"SPECULARMASK_ON","type":"boolean"},{"name":"SSS_ON","type":"boolean"},{"name":"DETAILMAP_ON","type":"boolean"},{"name":"LUT_ON","type":"boolean"},{"name":"ALBEDO_COLOR_ON","type":"boolean"},{"name":"RIMLIGHT_ON","type":"boolean"},{"name":"_ALPHA_ALBEDO","type":"boolean"}]},{"hash":4019598982,"name":"../sdk/res/mat/soft_box|shadow-caster-vs:vert|shadow-caster-fs:frag","blocks":[{"name":"Constants","stageFlags":17,"binding":0,"members":[{"name":"u_TilingOffset","type":16,"count":1},{"name":"u_RimColor","type":16,"count":1},{"name":"u_albedo_color","type":16,"count":1},{"name":"u_albedo_factor","type":13,"count":1},{"name":"u_direct_diffuse_intensity","type":13,"count":1},{"name":"u_indirect_diffuse_intensity","type":13,"count":1},{"name":"u_indirect_specular_light_intensity","type":13,"count":1},{"name":"u_detail_factor","type":13,"count":1},{"name":"u_specular_gloss","type":13,"count":1},{"name":"u_direct_specular_intensity","type":13,"count":1},{"name":"u_Metallic","type":13,"count":1},{"name":"u_RimPower","type":13,"count":1},{"name":"u_LUT_Factor","type":13,"count":1}],"defines":[]}],"samplerTextures":[{"name":"u_eye_map","type":28,"count":1,"stageFlags":16,"binding":1,"defines":[]}],"samplers":[],"textures":[],"buffers":[],"images":[],"subpassInputs":[],"attributes":[{"name":"a_position","format":32,"location":0,"defines":[]},{"name":"a_normal","format":32,"location":1,"defines":[]},{"name":"a_texCoord","format":21,"location":2,"defines":[]},{"name":"a_tangent","format":44,"location":3,"defines":[]},{"name":"a_joints","location":4,"defines":["CC_USE_SKINNING"]},{"name":"a_weights","format":44,"location":5,"defines":["CC_USE_SKINNING"]},{"name":"a_jointAnimInfo","format":44,"isInstanced":true,"location":6,"defines":["USE_INSTANCING","CC_USE_BAKED_ANIMATION"]},{"name":"a_matWorld0","format":44,"isInstanced":true,"location":7,"defines":["USE_INSTANCING"]},{"name":"a_matWorld1","format":44,"isInstanced":true,"location":8,"defines":["USE_INSTANCING"]},{"name":"a_matWorld2","format":44,"isInstanced":true,"location":9,"defines":["USE_INSTANCING"]},{"name":"a_lightingMapUVParam","format":44,"isInstanced":true,"location":10,"defines":["USE_INSTANCING","CC_USE_LIGHTMAP"]},{"name":"a_localShadowBias","format":21,"isInstanced":true,"location":11,"defines":["USE_INSTANCING","CC_RECEIVE_SHADOW"]},{"name":"a_sh_linear_const_r","format":44,"isInstanced":true,"location":12,"defines":["USE_INSTANCING","CC_USE_LIGHT_PROBE"]},{"name":"a_sh_linear_const_g","format":44,"isInstanced":true,"location":13,"defines":["USE_INSTANCING","CC_USE_LIGHT_PROBE"]},{"name":"a_sh_linear_const_b","format":44,"isInstanced":true,"location":14,"defines":["USE_INSTANCING","CC_USE_LIGHT_PROBE"]},{"name":"a_vertexId","format":11,"location":15,"defines":["CC_USE_MORPH"]}],"fragColors":[{"name":"cc_FragColor","typename":"vec4","type":16,"count":1,"stageFlags":16,"location":0,"defines":[]}],"descriptors":[{"rate":0,"blocks":[{"name":"CCMorph","stageFlags":1,"tags":{"builtin":"local"},"members":[{"name":"cc_displacementWeights","typename":"vec4","type":16,"count":15,"isArray":true},{"name":"cc_displacementTextureInfo","typename":"vec4","type":16,"count":1}],"defines":["CC_USE_MORPH"]},{"name":"CCSkinningTexture","stageFlags":1,"tags":{"builtin":"local"},"members":[{"name":"cc_jointTextureInfo","typename":"vec4","type":16,"count":1,"precision":"highp "}],"defines":["CC_USE_SKINNING","CC_USE_BAKED_ANIMATION"]},{"name":"CCSkinningAnimation","stageFlags":1,"tags":{"builtin":"local"},"members":[{"name":"cc_jointAnimInfo","typename":"vec4","type":16,"count":1,"precision":"highp "}],"defines":["CC_USE_SKINNING","CC_USE_BAKED_ANIMATION"]},{"name":"CCSkinning","stageFlags":1,"tags":{"builtin":"local"},"members":[{"name":"cc_joints","typename":"vec4","type":16,"count":0,"precision":"highp ","isArray":true}],"defines":["CC_USE_SKINNING","!CC_USE_BAKED_ANIMATION","!CC_USE_REAL_TIME_JOINT_TEXTURE"]},{"name":"CCLocal","stageFlags":1,"tags":{"builtin":"local"},"members":[{"name":"cc_matWorld","typename":"mat4","type":25,"count":1,"precision":"highp "},{"name":"cc_matWorldIT","typename":"mat4","type":25,"count":1,"precision":"highp "},{"name":"cc_lightingMapUVParam","typename":"vec4","type":16,"count":1,"precision":"highp "},{"name":"cc_localShadowBias","typename":"vec4","type":16,"count":1,"precision":"highp "}],"defines":["!USE_INSTANCING"]}],"samplerTextures":[{"name":"cc_PositionDisplacements","typename":"sampler2D","type":28,"count":1,"stageFlags":1,"tags":{"builtin":"local"},"defines":["CC_USE_MORPH","CC_MORPH_TARGET_HAS_POSITION"]},{"name":"cc_NormalDisplacements","typename":"sampler2D","type":28,"count":1,"stageFlags":1,"tags":{"builtin":"local"},"defines":["CC_USE_MORPH","CC_MORPH_TARGET_HAS_NORMAL"]},{"name":"cc_TangentDisplacements","typename":"sampler2D","type":28,"count":1,"stageFlags":1,"tags":{"builtin":"local"},"defines":["CC_USE_MORPH","CC_MORPH_TARGET_HAS_TANGENT"]},{"name":"cc_jointTexture","typename":"sampler2D","type":28,"count":1,"precision":"highp ","stageFlags":1,"tags":{"builtin":"local"},"defines":["CC_USE_SKINNING","CC_USE_BAKED_ANIMATION"]},{"name":"cc_realtimeJoint","typename":"sampler2D","type":28,"count":1,"precision":"highp ","stageFlags":1,"tags":{"builtin":"local"},"defines":["CC_USE_SKINNING","!CC_USE_BAKED_ANIMATION","CC_USE_REAL_TIME_JOINT_TEXTURE"]}],"samplers":[],"textures":[],"buffers":[],"images":[],"subpassInputs":[]},{"rate":1,"blocks":[{"name":"Constants","stageFlags":17,"binding":0,"members":[{"name":"u_TilingOffset","type":16,"count":1},{"name":"u_RimColor","type":16,"count":1},{"name":"u_albedo_color","type":16,"count":1},{"name":"u_albedo_factor","type":13,"count":1},{"name":"u_direct_diffuse_intensity","type":13,"count":1},{"name":"u_indirect_diffuse_intensity","type":13,"count":1},{"name":"u_indirect_specular_light_intensity","type":13,"count":1},{"name":"u_detail_factor","type":13,"count":1},{"name":"u_specular_gloss","type":13,"count":1},{"name":"u_direct_specular_intensity","type":13,"count":1},{"name":"u_Metallic","type":13,"count":1},{"name":"u_RimPower","type":13,"count":1},{"name":"u_LUT_Factor","type":13,"count":1}],"defines":[]}],"samplerTextures":[{"name":"u_eye_map","type":28,"count":1,"stageFlags":16,"binding":1,"defines":[]}],"samplers":[],"textures":[],"buffers":[],"images":[],"subpassInputs":[]},{"rate":2,"blocks":[],"samplerTextures":[],"samplers":[],"textures":[],"buffers":[],"images":[],"subpassInputs":[]},{"rate":3,"blocks":[{"name":"CCShadow","stageFlags":17,"tags":{"builtin":"global"},"members":[{"name":"cc_matLightView","typename":"mat4","type":25,"count":1,"precision":"highp "},{"name":"cc_matLightViewProj","typename":"mat4","type":25,"count":1,"precision":"highp "},{"name":"cc_shadowInvProjDepthInfo","typename":"vec4","type":16,"count":1,"precision":"highp "},{"name":"cc_shadowProjDepthInfo","typename":"vec4","type":16,"count":1,"precision":"highp "},{"name":"cc_shadowProjInfo","typename":"vec4","type":16,"count":1,"precision":"highp "},{"name":"cc_shadowNFLSInfo","typename":"vec4","type":16,"count":1,"precision":"mediump "},{"name":"cc_shadowWHPBInfo","typename":"vec4","type":16,"count":1,"precision":"mediump "},{"name":"cc_shadowLPNNInfo","typename":"vec4","type":16,"count":1,"precision":"mediump "},{"name":"cc_shadowColor","typename":"vec4","type":16,"count":1,"precision":"lowp "},{"name":"cc_planarNDInfo","typename":"vec4","type":16,"count":1,"precision":"mediump "}],"defines":[]},{"name":"CCCSM","stageFlags":16,"tags":{"builtin":"global"},"members":[{"name":"cc_csmViewDir0","typename":"vec4","type":16,"count":4,"precision":"highp ","isArray":true},{"name":"cc_csmViewDir1","typename":"vec4","type":16,"count":4,"precision":"highp ","isArray":true},{"name":"cc_csmViewDir2","typename":"vec4","type":16,"count":4,"precision":"highp ","isArray":true},{"name":"cc_csmAtlas","typename":"vec4","type":16,"count":4,"precision":"highp ","isArray":true},{"name":"cc_matCSMViewProj","typename":"mat4","type":25,"count":4,"precision":"highp ","isArray":true},{"name":"cc_csmProjDepthInfo","typename":"vec4","type":16,"count":4,"precision":"highp ","isArray":true},{"name":"cc_csmProjInfo","typename":"vec4","type":16,"count":4,"precision":"highp ","isArray":true},{"name":"cc_csmSplitsInfo","typename":"vec4","type":16,"count":1,"precision":"highp "}],"defines":["CC_SUPPORT_CASCADED_SHADOW_MAP"]},{"name":"CCGlobal","stageFlags":16,"tags":{"builtin":"global"},"members":[{"name":"cc_time","typename":"vec4","type":16,"count":1,"precision":"highp "},{"name":"cc_screenSize","typename":"vec4","type":16,"count":1,"precision":"mediump "},{"name":"cc_nativeSize","typename":"vec4","type":16,"count":1,"precision":"mediump "},{"name":"cc_debug_view_mode","typename":"vec4","type":16,"count":1,"precision":"mediump "},{"name":"cc_debug_view_composite_pack_1","typename":"vec4","type":16,"count":1,"precision":"mediump "},{"name":"cc_debug_view_composite_pack_2","typename":"vec4","type":16,"count":1,"precision":"mediump "},{"name":"cc_debug_view_composite_pack_3","typename":"vec4","type":16,"count":1,"precision":"mediump "}],"defines":["CC_RECEIVE_SHADOW"]},{"name":"CCCamera","stageFlags":16,"tags":{"builtin":"global"},"members":[{"name":"cc_matView","typename":"mat4","type":25,"count":1,"precision":"highp "},{"name":"cc_matViewInv","typename":"mat4","type":25,"count":1,"precision":"highp "},{"name":"cc_matProj","typename":"mat4","type":25,"count":1,"precision":"highp "},{"name":"cc_matProjInv","typename":"mat4","type":25,"count":1,"precision":"highp "},{"name":"cc_matViewProj","typename":"mat4","type":25,"count":1,"precision":"highp "},{"name":"cc_matViewProjInv","typename":"mat4","type":25,"count":1,"precision":"highp "},{"name":"cc_cameraPos","typename":"vec4","type":16,"count":1,"precision":"highp "},{"name":"cc_surfaceTransform","typename":"vec4","type":16,"count":1,"precision":"mediump "},{"name":"cc_screenScale","typename":"vec4","type":16,"count":1,"precision":"mediump "},{"name":"cc_exposure","typename":"vec4","type":16,"count":1,"precision":"mediump "},{"name":"cc_mainLitDir","typename":"vec4","type":16,"count":1,"precision":"mediump "},{"name":"cc_mainLitColor","typename":"vec4","type":16,"count":1,"precision":"mediump "},{"name":"cc_ambientSky","typename":"vec4","type":16,"count":1,"precision":"mediump "},{"name":"cc_ambientGround","typename":"vec4","type":16,"count":1,"precision":"mediump "},{"name":"cc_fogColor","typename":"vec4","type":16,"count":1,"precision":"mediump "},{"name":"cc_fogBase","typename":"vec4","type":16,"count":1,"precision":"mediump "},{"name":"cc_fogAdd","typename":"vec4","type":16,"count":1,"precision":"mediump "},{"name":"cc_nearFar","typename":"vec4","type":16,"count":1,"precision":"mediump "},{"name":"cc_viewPort","typename":"vec4","type":16,"count":1,"precision":"mediump "}],"defines":["CC_RECEIVE_SHADOW"]}],"samplerTextures":[{"name":"cc_shadowMap","typename":"sampler2D","type":28,"count":1,"precision":"highp ","stageFlags":16,"tags":{"builtin":"global"},"defines":["CC_RECEIVE_SHADOW"]},{"name":"cc_spotShadowMap","typename":"sampler2D","type":28,"count":1,"precision":"highp ","stageFlags":16,"tags":{"builtin":"global"},"defines":["CC_RECEIVE_SHADOW"]}],"samplers":[],"textures":[],"buffers":[],"images":[],"subpassInputs":[]}],"glsl1":{"vert":"\nprecision highp float;\n#define QUATER_PI         0.78539816340\n#define HALF_PI           1.57079632679\n#define PI                3.14159265359\n#define PI2               6.28318530718\n#define PI4               12.5663706144\n#define INV_QUATER_PI     1.27323954474\n#define INV_HALF_PI       0.63661977237\n#define INV_PI            0.31830988618\n#define INV_PI2           0.15915494309\n#define INV_PI4           0.07957747155\n#define EPSILON           1e-6\n#define EPSILON_LOWP      1e-4\n#define LOG2              1.442695\n#define EXP_VALUE         2.71828183f\n#define FP_MAX            65504.0\n#define FP_SCALE          0.0009765625\n#define FP_SCALE_INV      1024.0\n#define GRAY_VECTOR       vec3(0.299, 0.587, 0.114)\n#define LIGHT_MAP_TYPE_DISABLED 0\n#define LIGHT_MAP_TYPE_ALL_IN_ONE 1\n#define LIGHT_MAP_TYPE_INDIRECT_OCCLUSION 2\n#define REFLECTION_PROBE_TYPE_NONE 0\n#define REFLECTION_PROBE_TYPE_CUBE 1\n#define REFLECTION_PROBE_TYPE_PLANAR 2\n#define LIGHT_TYPE_DIRECTIONAL 0.0\n#define LIGHT_TYPE_SPHERE 1.0\n#define LIGHT_TYPE_SPOT 2.0\n#define IS_DIRECTIONAL_LIGHT(light_type) (abs(float(light_type) - float(LIGHT_TYPE_DIRECTIONAL)) < EPSILON)\n#define IS_SPHERE_LIGHT(light_type) (abs(float(light_type) - float(LIGHT_TYPE_SPHERE)) < EPSILON)\n#define IS_SPOT_LIGHT(light_type) (abs(float(light_type) - float(LIGHT_TYPE_SPOT)) < EPSILON)\nstruct StandardVertInput {\n  highp vec4 position;\n  vec3 normal;\n  vec4 tangent;\n};\nattribute vec3 a_position;\nattribute vec3 a_normal;\nattribute vec2 a_texCoord;\nattribute vec4 a_tangent;\n#if CC_USE_SKINNING\n    attribute vec4 a_joints;\n  attribute vec4 a_weights;\n#endif\n#if USE_INSTANCING\n  #if CC_USE_BAKED_ANIMATION\n    attribute highp vec4 a_jointAnimInfo;\n  #endif\n  attribute vec4 a_matWorld0;\n  attribute vec4 a_matWorld1;\n  attribute vec4 a_matWorld2;\n  #if CC_USE_LIGHTMAP\n    attribute vec4 a_lightingMapUVParam;\n  #endif\n  #if CC_RECEIVE_SHADOW\n    attribute vec2 a_localShadowBias;\n  #endif\n  #if CC_USE_LIGHT_PROBE\n    attribute vec4 a_sh_linear_const_r;\n    attribute vec4 a_sh_linear_const_g;\n    attribute vec4 a_sh_linear_const_b;\n  #endif\n#endif\n#if CC_USE_MORPH\n    attribute float a_vertexId;\n    int getVertexId() {\n      return int(a_vertexId);\n    }\n#endif\nhighp float decode32 (highp vec4 rgba) {\n  rgba = rgba * 255.0;\n  highp float Sign = 1.0 - (step(128.0, (rgba[3]) + 0.5)) * 2.0;\n  highp float Exponent = 2.0 * (mod(float(int((rgba[3]) + 0.5)), 128.0)) + (step(128.0, (rgba[2]) + 0.5)) - 127.0;\n  highp float Mantissa = (mod(float(int((rgba[2]) + 0.5)), 128.0)) * 65536.0 + rgba[1] * 256.0 + rgba[0] + 8388608.0;\n  return Sign * exp2(Exponent - 23.0) * Mantissa;\n}\n#if CC_USE_MORPH\n  uniform vec4 cc_displacementWeights[15];\n  uniform vec4 cc_displacementTextureInfo;\n  #if CC_MORPH_TARGET_HAS_POSITION\n    uniform sampler2D cc_PositionDisplacements;\n  #endif\n  #if CC_MORPH_TARGET_HAS_NORMAL\n    uniform sampler2D cc_NormalDisplacements;\n  #endif\n  #if CC_MORPH_TARGET_HAS_TANGENT\n    uniform sampler2D cc_TangentDisplacements;\n  #endif\n  vec2 getPixelLocation(vec2 textureResolution, int pixelIndex) {\n    float pixelIndexF = float(pixelIndex);\n    float x = mod(pixelIndexF, textureResolution.x);\n    float y = floor(pixelIndexF / textureResolution.x);\n    return vec2(x, y);\n  }\n  vec2 getPixelCoordFromLocation(vec2 location, vec2 textureResolution) {\n    return (vec2(location.x, location.y) + .5) / textureResolution;\n  }\n  #if CC_DEVICE_SUPPORT_FLOAT_TEXTURE\n      vec4 fetchVec3ArrayFromTexture(sampler2D tex, int elementIndex) {\n        int pixelIndex = elementIndex;\n        vec2 location = getPixelLocation(cc_displacementTextureInfo.xy, pixelIndex);\n        vec2 uv = getPixelCoordFromLocation(location, cc_displacementTextureInfo.xy);\n        return texture2D(tex, uv);\n      }\n  #else\n    vec4 fetchVec3ArrayFromTexture(sampler2D tex, int elementIndex) {\n      int pixelIndex = elementIndex * 4;\n      vec2 location = getPixelLocation(cc_displacementTextureInfo.xy, pixelIndex);\n      vec2 x = getPixelCoordFromLocation(location + vec2(0.0, 0.0), cc_displacementTextureInfo.xy);\n      vec2 y = getPixelCoordFromLocation(location + vec2(1.0, 0.0), cc_displacementTextureInfo.xy);\n      vec2 z = getPixelCoordFromLocation(location + vec2(2.0, 0.0), cc_displacementTextureInfo.xy);\n      return vec4(\n        decode32(texture2D(tex, x)),\n        decode32(texture2D(tex, y)),\n        decode32(texture2D(tex, z)),\n        1.0\n      );\n    }\n  #endif\n  float getDisplacementWeight(int index) {\n    int quot = index / 4;\n    int remainder = index - quot * 4;\n    if (remainder == 0) {\n      return cc_displacementWeights[quot].x;\n    } else if (remainder == 1) {\n      return cc_displacementWeights[quot].y;\n    } else if (remainder == 2) {\n      return cc_displacementWeights[quot].z;\n    } else {\n      return cc_displacementWeights[quot].w;\n    }\n  }\n  vec3 getVec3DisplacementFromTexture(sampler2D tex, int vertexIndex) {\n  #if CC_MORPH_PRECOMPUTED\n    return fetchVec3ArrayFromTexture(tex, vertexIndex).rgb;\n  #else\n    vec3 result = vec3(0, 0, 0);\n    int nVertices = int(cc_displacementTextureInfo.z);\n    for (int iTarget = 0; iTarget < CC_MORPH_TARGET_COUNT; ++iTarget) {\n      result += (fetchVec3ArrayFromTexture(tex, nVertices * iTarget + vertexIndex).rgb * getDisplacementWeight(iTarget));\n    }\n    return result;\n  #endif\n  }\n  #if CC_MORPH_TARGET_HAS_POSITION\n  vec3 getPositionDisplacement(int vertexId) {\n      return getVec3DisplacementFromTexture(cc_PositionDisplacements, vertexId);\n  }\n  #endif\n  #if CC_MORPH_TARGET_HAS_NORMAL\n  vec3 getNormalDisplacement(int vertexId) {\n      return getVec3DisplacementFromTexture(cc_NormalDisplacements, vertexId);\n  }\n  #endif\n  #if CC_MORPH_TARGET_HAS_TANGENT\n  vec3 getTangentDisplacement(int vertexId) {\n      return getVec3DisplacementFromTexture(cc_TangentDisplacements, vertexId);\n  }\n  #endif\n  void applyMorph (inout vec4 position, inout vec3 normal, inout vec4 tangent) {\n    int vertexId = getVertexId();\n  #if CC_MORPH_TARGET_HAS_POSITION\n    position.xyz = position.xyz + getPositionDisplacement(vertexId);\n  #endif\n  #if CC_MORPH_TARGET_HAS_NORMAL\n    normal.xyz = normal.xyz + getNormalDisplacement(vertexId);\n  #endif\n  #if CC_MORPH_TARGET_HAS_TANGENT\n    tangent.xyz = tangent.xyz + getTangentDisplacement(vertexId);\n  #endif\n  }\n  void applyMorph (inout vec4 position) {\n  #if CC_MORPH_TARGET_HAS_POSITION\n    position.xyz = position.xyz + getPositionDisplacement(getVertexId());\n  #endif\n  }\n#endif\n#if CC_USE_SKINNING\n  #if CC_USE_BAKED_ANIMATION\n    uniform highp vec4 cc_jointTextureInfo;\n    uniform highp vec4 cc_jointAnimInfo;\n    uniform highp sampler2D cc_jointTexture;\n    void CCGetJointTextureCoords(float pixelsPerJoint, float jointIdx, out highp float x, out highp float y, out highp float invSize)\n    {\n      #if USE_INSTANCING\n        highp float temp = pixelsPerJoint * (a_jointAnimInfo.x * a_jointAnimInfo.y + jointIdx) + a_jointAnimInfo.z;\n      #else\n        highp float temp = pixelsPerJoint * (cc_jointAnimInfo.x * cc_jointTextureInfo.y + jointIdx) + cc_jointTextureInfo.z;\n      #endif\n      invSize = cc_jointTextureInfo.w;\n      highp float tempY = floor(temp * invSize);\n      x = floor(temp - tempY * cc_jointTextureInfo.x);\n      y = (tempY + 0.5) * invSize;\n    }\n  #else\n    #if CC_USE_REAL_TIME_JOINT_TEXTURE\n      uniform highp sampler2D cc_realtimeJoint;\n    #else\n      uniform highp vec4 cc_joints[CC_JOINT_UNIFORM_CAPACITY * 3];\n    #endif\n  #endif\n  #if CC_USE_BAKED_ANIMATION\n    #if CC_DEVICE_SUPPORT_FLOAT_TEXTURE\n      mat4 getJointMatrix (float i) {\n        highp float x, y, invSize;\n        CCGetJointTextureCoords(3.0, i, x, y, invSize);\n        vec4 v1 = texture2D(cc_jointTexture, vec2((x + 0.5) * invSize, y));\n        vec4 v2 = texture2D(cc_jointTexture, vec2((x + 1.5) * invSize, y));\n        vec4 v3 = texture2D(cc_jointTexture, vec2((x + 2.5) * invSize, y));\n        return mat4(vec4(v1.xyz, 0.0), vec4(v2.xyz, 0.0), vec4(v3.xyz, 0.0), vec4(v1.w, v2.w, v3.w, 1.0));\n      }\n    #else\n      mat4 getJointMatrix (float i) {\n        highp float x, y, invSize;\n        CCGetJointTextureCoords(12.0, i, x, y, invSize);\n        vec4 v1 = vec4(\n          decode32(texture2D(cc_jointTexture, vec2((x + 0.5) * invSize, y))),\n          decode32(texture2D(cc_jointTexture, vec2((x + 1.5) * invSize, y))),\n          decode32(texture2D(cc_jointTexture, vec2((x + 2.5) * invSize, y))),\n          decode32(texture2D(cc_jointTexture, vec2((x + 3.5) * invSize, y)))\n        );\n        vec4 v2 = vec4(\n          decode32(texture2D(cc_jointTexture, vec2((x + 4.5) * invSize, y))),\n          decode32(texture2D(cc_jointTexture, vec2((x + 5.5) * invSize, y))),\n          decode32(texture2D(cc_jointTexture, vec2((x + 6.5) * invSize, y))),\n          decode32(texture2D(cc_jointTexture, vec2((x + 7.5) * invSize, y)))\n        );\n        vec4 v3 = vec4(\n          decode32(texture2D(cc_jointTexture, vec2((x + 8.5) * invSize, y))),\n          decode32(texture2D(cc_jointTexture, vec2((x + 9.5) * invSize, y))),\n          decode32(texture2D(cc_jointTexture, vec2((x + 10.5) * invSize, y))),\n          decode32(texture2D(cc_jointTexture, vec2((x + 11.5) * invSize, y)))\n        );\n        return mat4(vec4(v1.xyz, 0.0), vec4(v2.xyz, 0.0), vec4(v3.xyz, 0.0), vec4(v1.w, v2.w, v3.w, 1.0));\n      }\n    #endif\n  #else\n    #if CC_USE_REAL_TIME_JOINT_TEXTURE\n      #if CC_DEVICE_SUPPORT_FLOAT_TEXTURE\n        mat4 getJointMatrix (float i) {\n          float x = i;\n          vec4 v1 = texture2D(cc_realtimeJoint, vec2( x / 256.0, 0.5 / 3.0));\n          vec4 v2 = texture2D(cc_realtimeJoint, vec2( x / 256.0, 1.5 / 3.0));\n          vec4 v3 = texture2D(cc_realtimeJoint, vec2( x / 256.0, 2.5 / 3.0));\n          return mat4(vec4(v1.xyz, 0.0), vec4(v2.xyz, 0.0), vec4(v3.xyz, 0.0), vec4(v1.w, v2.w, v3.w, 1.0));\n        }\n      #else\n        mat4 getJointMatrix (float i) {\n         float x = 4.0 * i;\n          vec4 v1 = vec4(\n            decode32(texture2D(cc_realtimeJoint, vec2((x + 0.5)/ 1024.0, 0.5 / 3.0))),\n            decode32(texture2D(cc_realtimeJoint, vec2((x + 1.5)/ 1024.0, 0.5 / 3.0))),\n            decode32(texture2D(cc_realtimeJoint, vec2((x + 2.5)/ 1024.0, 0.5 / 3.0))),\n            decode32(texture2D(cc_realtimeJoint, vec2((x + 3.5)/ 1024.0, 0.5 / 3.0)))\n          );\n          vec4 v2 = vec4(\n            decode32(texture2D(cc_realtimeJoint, vec2((x + 0.5)/ 1024.0, 1.5 / 3.0))),\n            decode32(texture2D(cc_realtimeJoint, vec2((x + 1.5)/ 1024.0, 1.5 / 3.0))),\n            decode32(texture2D(cc_realtimeJoint, vec2((x + 2.5)/ 1024.0, 1.5 / 3.0))),\n            decode32(texture2D(cc_realtimeJoint, vec2((x + 3.5)/ 1024.0, 1.5 / 3.0)))\n          );\n          vec4 v3 = vec4(\n            decode32(texture2D(cc_realtimeJoint, vec2((x + 0.5)/ 1024.0, 2.5 / 3.0))),\n            decode32(texture2D(cc_realtimeJoint, vec2((x + 1.5)/ 1024.0, 2.5 / 3.0))),\n            decode32(texture2D(cc_realtimeJoint, vec2((x + 2.5)/ 1024.0, 2.5 / 3.0))),\n            decode32(texture2D(cc_realtimeJoint, vec2((x + 3.5)/ 1024.0, 2.5 / 3.0)))\n          );\n          return mat4(vec4(v1.xyz, 0.0), vec4(v2.xyz, 0.0), vec4(v3.xyz, 0.0), vec4(v1.w, v2.w, v3.w, 1.0));\n        }\n      #endif\n    #else\n      mat4 getJointMatrix (float i) {\n        int idx = int(i);\n        vec4 v1 = cc_joints[idx * 3];\n        vec4 v2 = cc_joints[idx * 3 + 1];\n        vec4 v3 = cc_joints[idx * 3 + 2];\n        return mat4(vec4(v1.xyz, 0.0), vec4(v2.xyz, 0.0), vec4(v3.xyz, 0.0), vec4(v1.w, v2.w, v3.w, 1.0));\n      }\n    #endif\n  #endif\n  mat4 skinMatrix () {\n    vec4 joints = vec4(a_joints);\n    return getJointMatrix(joints.x) * a_weights.x\n         + getJointMatrix(joints.y) * a_weights.y\n         + getJointMatrix(joints.z) * a_weights.z\n         + getJointMatrix(joints.w) * a_weights.w;\n  }\n  void CCSkin (inout vec4 position) {\n    mat4 m = skinMatrix();\n    position = m * position;\n  }\n  void CCSkin (inout vec4 position, inout vec3 normal, inout vec4 tangent) {\n    mat4 m = skinMatrix();\n    position = m * position;\n    normal = (m * vec4(normal, 0.0)).xyz;\n    tangent.xyz = (m * vec4(tangent.xyz, 0.0)).xyz;\n  }\n#endif\nvoid CCVertInput(inout StandardVertInput In)\n{\n    In.position = vec4(a_position, 1.0);\n    In.normal = a_normal;\n    In.tangent = a_tangent;\n  #if CC_USE_MORPH\n    applyMorph(In.position, In.normal, In.tangent);\n  #endif\n  #if CC_USE_SKINNING\n    CCSkin(In.position, In.normal, In.tangent);\n  #endif\n}\n#if !USE_INSTANCING\n  uniform highp mat4 cc_matWorld;\n  uniform highp mat4 cc_matWorldIT;\n#endif\nvoid CCGetWorldMatrixFull(out mat4 matWorld, out mat4 matWorldIT)\n{\n  #if USE_INSTANCING\n    matWorld = mat4(\n      vec4(a_matWorld0.xyz, 0.0),\n      vec4(a_matWorld1.xyz, 0.0),\n      vec4(a_matWorld2.xyz, 0.0),\n      vec4(a_matWorld0.w, a_matWorld1.w, a_matWorld2.w, 1.0)\n    );\n    matWorldIT = matWorld;\n  #else\n    matWorld = cc_matWorld;\n    matWorldIT = cc_matWorldIT;\n  #endif\n}\n    uniform vec4 u_TilingOffset;\nuniform highp mat4 cc_matLightViewProj;\nvarying vec2 v_Texcoord0;\nvarying vec4 v_worldPos;\nvarying highp vec2 v_clip_depth;\nvec4 vert () {\n  StandardVertInput In;\n  CCVertInput(In);\n  mat4 matWorld, matWorldIT;\n  CCGetWorldMatrixFull(matWorld, matWorldIT);\n  v_worldPos = matWorld * In.position;\n  vec4 clipPos = cc_matLightViewProj * v_worldPos;\n  v_Texcoord0 = a_texCoord * u_TilingOffset.xy + u_TilingOffset.zw;\n  v_clip_depth = clipPos.zw;\n  return clipPos;\n}\nvoid main() { gl_Position = vert(); }","frag":"\nprecision highp float;\nvec4 packDepthToRGBA (float depth) {\n  vec4 ret = vec4(1.0, 255.0, 65025.0, 16581375.0) * depth;\n  ret = fract(ret);\n  ret -= vec4(ret.yzw, 0.0) / 255.0;\n  return ret;\n}\nuniform highp mat4 cc_matLightView;\n  uniform mediump vec4 cc_shadowNFLSInfo;\n  uniform mediump vec4 cc_shadowLPNNInfo;\n#if CC_SUPPORT_CASCADED_SHADOW_MAP\n  #endif\n#define QUATER_PI         0.78539816340\n#define HALF_PI           1.57079632679\n#define PI                3.14159265359\n#define PI2               6.28318530718\n#define PI4               12.5663706144\n#define INV_QUATER_PI     1.27323954474\n#define INV_HALF_PI       0.63661977237\n#define INV_PI            0.31830988618\n#define INV_PI2           0.15915494309\n#define INV_PI4           0.07957747155\n#define EPSILON           1e-6\n#define EPSILON_LOWP      1e-4\n#define LOG2              1.442695\n#define EXP_VALUE         2.71828183f\n#define FP_MAX            65504.0\n#define FP_SCALE          0.0009765625\n#define FP_SCALE_INV      1024.0\n#define GRAY_VECTOR       vec3(0.299, 0.587, 0.114)\n#define LIGHT_MAP_TYPE_DISABLED 0\n#define LIGHT_MAP_TYPE_ALL_IN_ONE 1\n#define LIGHT_MAP_TYPE_INDIRECT_OCCLUSION 2\n#define REFLECTION_PROBE_TYPE_NONE 0\n#define REFLECTION_PROBE_TYPE_CUBE 1\n#define REFLECTION_PROBE_TYPE_PLANAR 2\n#define LIGHT_TYPE_DIRECTIONAL 0.0\n#define LIGHT_TYPE_SPHERE 1.0\n#define LIGHT_TYPE_SPOT 2.0\n#define IS_DIRECTIONAL_LIGHT(light_type) (abs(float(light_type) - float(LIGHT_TYPE_DIRECTIONAL)) < EPSILON)\n#define IS_SPHERE_LIGHT(light_type) (abs(float(light_type) - float(LIGHT_TYPE_SPHERE)) < EPSILON)\n#define IS_SPOT_LIGHT(light_type) (abs(float(light_type) - float(LIGHT_TYPE_SPOT)) < EPSILON)\nfloat GetLinearDepthFromViewSpace(vec3 viewPos, float near, float far) {\n  float dist = length(viewPos);\n  return (dist - near) / (far - near);\n}\nfloat CCGetLinearDepth(vec3 worldPos, float viewSpaceBias) {\n\tvec4 viewPos = cc_matLightView * vec4(worldPos.xyz, 1.0);\n  viewPos.z += viewSpaceBias;\n\treturn GetLinearDepthFromViewSpace(viewPos.xyz, cc_shadowNFLSInfo.x, cc_shadowNFLSInfo.y);\n}\nfloat CCGetLinearDepth(vec3 worldPos) {\n\treturn CCGetLinearDepth(worldPos, 0.0);\n}\n#if CC_RECEIVE_SHADOW\n  uniform highp sampler2D cc_shadowMap;\n  uniform highp sampler2D cc_spotShadowMap;\n  #if CC_SUPPORT_CASCADED_SHADOW_MAP\n  #else\n  #endif\n#endif\nvarying vec2 v_Texcoord0;\nvarying vec4 v_worldPos;\nvarying highp vec2 v_clip_depth;\nuniform sampler2D u_eye_map;\nvec4 frag ()\n{\n  #if _ALPHA_ALBEDO\n    vec4 baseColor = texture2D(u_eye_map, v_Texcoord0);\n    if (baseColor.a < 0.5) discard;\n  #endif\n  highp float clipDepth = v_clip_depth.x / v_clip_depth.y * 0.5 + 0.5;\n  if(cc_shadowLPNNInfo.x > 0.000001 && cc_shadowLPNNInfo.x < 1.999999)\n  {\n    #if CC_SHADOWMAP_USE_LINEAR_DEPTH\n      clipDepth = CCGetLinearDepth(v_worldPos.xyz);\n    #endif\n  }\n  #if CC_SHADOWMAP_FORMAT == 1\n    return packDepthToRGBA(clipDepth);\n  #else\n    return vec4(clipDepth, 1.0, 1.0, 1.0);\n  #endif\n}\nvoid main() { gl_FragColor = frag(); }"},"builtins":{"globals":{"blocks":[{"name":"CCShadow","defines":[]},{"name":"CCCSM","defines":["CC_SUPPORT_CASCADED_SHADOW_MAP"]},{"name":"CCGlobal","defines":["CC_RECEIVE_SHADOW"]},{"name":"CCCamera","defines":["CC_RECEIVE_SHADOW"]}],"samplerTextures":[{"name":"cc_shadowMap","defines":["CC_RECEIVE_SHADOW"]},{"name":"cc_spotShadowMap","defines":["CC_RECEIVE_SHADOW"]}],"buffers":[],"images":[]},"locals":{"blocks":[{"name":"CCMorph","defines":["CC_USE_MORPH"]},{"name":"CCSkinningTexture","defines":["CC_USE_SKINNING","CC_USE_BAKED_ANIMATION"]},{"name":"CCSkinningAnimation","defines":["CC_USE_SKINNING","CC_USE_BAKED_ANIMATION"]},{"name":"CCSkinning","defines":["CC_USE_SKINNING","!CC_USE_BAKED_ANIMATION","!CC_USE_REAL_TIME_JOINT_TEXTURE"]},{"name":"CCLocal","defines":["!USE_INSTANCING"]}],"samplerTextures":[{"name":"cc_PositionDisplacements","defines":["CC_USE_MORPH","CC_MORPH_TARGET_HAS_POSITION"]},{"name":"cc_NormalDisplacements","defines":["CC_USE_MORPH","CC_MORPH_TARGET_HAS_NORMAL"]},{"name":"cc_TangentDisplacements","defines":["CC_USE_MORPH","CC_MORPH_TARGET_HAS_TANGENT"]},{"name":"cc_jointTexture","defines":["CC_USE_SKINNING","CC_USE_BAKED_ANIMATION"]},{"name":"cc_realtimeJoint","defines":["CC_USE_SKINNING","!CC_USE_BAKED_ANIMATION","CC_USE_REAL_TIME_JOINT_TEXTURE"]}],"buffers":[],"images":[]},"statistics":{"CC_EFFECT_USED_VERTEX_UNIFORM_VECTORS":57,"CC_EFFECT_USED_FRAGMENT_UNIFORM_VECTORS":114}},"defines":[{"name":"USE_INSTANCING","type":"boolean"},{"name":"CC_USE_SKINNING","type":"boolean"},{"name":"CC_USE_BAKED_ANIMATION","type":"boolean"},{"name":"CC_USE_LIGHTMAP","type":"boolean"},{"name":"CC_RECEIVE_SHADOW","type":"boolean"},{"name":"CC_USE_LIGHT_PROBE","type":"boolean"},{"name":"CC_USE_MORPH","type":"boolean"},{"name":"CC_MORPH_TARGET_COUNT","type":"number","range":[2,8]},{"name":"CC_MORPH_TARGET_HAS_POSITION","type":"boolean"},{"name":"CC_MORPH_TARGET_HAS_NORMAL","type":"boolean"},{"name":"CC_MORPH_TARGET_HAS_TANGENT","type":"boolean"},{"name":"CC_MORPH_PRECOMPUTED","type":"boolean"},{"name":"CC_USE_REAL_TIME_JOINT_TEXTURE","type":"boolean"},{"name":"CC_SUPPORT_CASCADED_SHADOW_MAP","type":"boolean"},{"name":"_ALPHA_ALBEDO","type":"boolean"},{"name":"CC_SHADOWMAP_USE_LINEAR_DEPTH","type":"boolean"},{"name":"CC_SHADOWMAP_FORMAT","type":"number","range":[0,3]}]}],[{"name":"opaque","passes":[{"program":"../sdk/res/mat/soft_box|softbox-vs:vert|softbox-fs:frag","rasterizerState":{"cullMode":2},"blendState":{"targets":[{"blend":false,"blendSrc":0,"blendDst":1,"blendSrcAlpha":0,"blendDstAlpha":1}]},"depthStencilState":{"depthFunc":3,"depthTest":true,"depthWrite":true},"properties":{"u_albedo_color":{"linear":true,"type":16,"value":[1,1,1,1]},"u_albedo_factor":{"type":13,"value":[0.9]},"u_albedo_map":{"value":"white","type":28},"u_TilingOffset":{"type":16,"value":[1,1,0,0]},"u_direct_diffuse_intensity":{"type":13,"value":[1]},"u_NormalMap":{"value":"white","type":28},"u_indirect_diffuse_light_map":{"value":"white","type":28},"u_indirect_diffuse_intensity":{"type":13,"value":[0.9]},"u_indirect_specular_light_map":{"value":"white","type":28},"u_indirect_specular_light_intensity":{"type":13,"value":[0]},"u_specular_mask_map":{"value":"white","type":28},"u_sss_light_map":{"value":"white","type":28},"u_detail_map":{"value":"white","type":28},"u_detail_factor":{"type":13,"value":[0.9]},"u_specular_gloss":{"type":13,"value":[0]},"u_direct_specular_intensity":{"type":13,"value":[0]},"u_Metallic":{"type":13,"value":[0]},"u_RimPower":{"type":13,"value":[1.26]},"u_RimColor":{"linear":true,"type":16,"value":[0.3490196,0.3490196,0.3529412,0]},"u_LUT_Map":{"value":"white","type":28},"u_LUT_Factor":{"type":13,"value":[0.8]}}},{"phase":"forward-add","propertyIndex":0,"program":"../sdk/res/mat/soft_box|softbox-vs:vert|softbox-fs:frag","embeddedMacros":{"CC_FORWARD_ADD":true},"blendState":{"targets":[{"blend":true,"blendSrc":1,"blendDst":1,"blendSrcAlpha":0,"blendDstAlpha":1}]},"depthStencilState":{"depthFunc":2,"depthTest":true,"depthWrite":false}},{"phase":"shadow-caster","propertyIndex":0,"program":"../sdk/res/mat/soft_box|shadow-caster-vs:vert|shadow-caster-fs:frag","rasterizerState":{"cullMode":2},"properties":{"u_TilingOffset":{"type":16,"value":[1,1,0,0]},"u_eye_map":{"value":"grey","type":28}}}]}]]],0,0,[],[],[]],[[[1,"soft_box",[{},{},{}],[{"rasterizerState":{},"depthStencilState":{},"blendState":{"targets":[{}]}},{"rasterizerState":{},"depthStencilState":{},"blendState":{"targets":[{}]}},{"rasterizerState":{},"depthStencilState":{},"blendState":{"targets":[{}]}}],[{"USE_INSTANCING":true,"ENABLEVERTEXCOLOR":true},{},{}]]],0,0,[0],[0],[0]]]]
